,ProductName
0,"#1 BEST Probiotic Supplement - 60 Day Supply with 100% Moneyback Guarantee - Improve Digestion, Bowel Regularity, & Increase Energy with the Most Potent Probiotic..."
1,"10 Panel Dip Drug Testing Kit, Test for 10 Different Drugs. (1)"
2,"2wayz FULL METAL BODY Garden Hose Splitter | Y Ball Valve Connector for Your Soaker Hose, outdoor faucet, sprinkler & drip irrigation systems. Includes: 10 Rubber Washers + 3 Years Guarantee. Enjoy!"
3,3 Pair Motorcycle Riding Glasses Smoke Clear Yellow
4,3/4 gal Talstar Pro / One Multi Use Pest Control Insecticide (96 ounce jug)
5,"303 (30306) Protectant Trigger Sprayer, 32 fl. Oz"
6,"303 (30313-CSR) Aerospace Protectant Trigger Sprayer, 32 Fl. oz."
7,"303 (30606) Fabric Guard Trigger Sprayer, 32 fl. oz."
8,"3M Utility Duct Tape 2929 Silver, 1.88 in x 50 yd 5.8 mils (Pack of 1)"
9,"3M Virtua CCS Protective Eyewear 11872-00000-20, Foam Gasket, Anti Fog Lens, Clear"
10,4-Drawer Storage Cart with Organizer Top White
11,8 Piece Tegu Pocket Pouch Magnetic Wooden Block Set
12,AOC e1659Fwu 16-Inch Ultra Slim 1366x768 Res 200 cd/m2 Brightness USB 3.0-Powered Portable LED Monitor w/ Case
13,ARRIS SURFboard SBG6782AC DOCSIS 3.0 Cable Modem/ Wi-Fi AC1800 Router - Retail Packaging - White
14,ASUS (RT-AC68U) Wireless-AC1900 Dual-Band Gigabit Router
15,"ASUS F556UA-AS54 15.6-inch Full-HD Laptop (Core i5, 8GB RAM, 256GB SSD) with Windows 10, Icicle Gold"
16,"ASUS ZenPad S 8 Z580C-B1-BK 8"" 32 GB Tablet"
17,Accutire MS-4021B Digital Tire Pressure Gauge
18,Acer G226HQL 21.5-Inch Screen LED Monitor
19,All-Absorb Training Pads 22-inch By 23-inch
20,Allen Sports Tension Bar Bicycle Cross-Bar Adaptor
21,"Amcrest ProHD 1080P WiFi Wireless IP Security Camera - 1080P (1920TVL), IP2M-841 (White)"
22,"American Baby CompanyJersey Knit Fitted Portable/Mini Sheet, Celery"
23,"Ammex GPNB GlovePlus Black Nitrile Glove, Latex Free, Disposable, Powder Free, Large (Box of 100)"
24,Apex REM 15 15-Foot Connector Hose Remnants
25,Apple 5W USB Wall Charger Power Adapter with 1m Lightning Cable for iPhone 5/5c/5s/6/6 Plus
26,Apple 85W MagSafe 2 Power Adapter (for MacBook Pro with Retina Display)
27,Apple AirPort Express Base Station (MC414LL/A)
28,"Aroma Housewares ARC-914SBD Digital Cool-Touch Rice Cooker and Food Steamer with Stainless Steel Exterior, Silver"
29,"ArtNaturals Enhanced Vitamin C Serum with Hyaluronic Acid 1 Oz - Top Anti Wrinkle, Anti Aging & Repairs Dark Circles, Fades age spots & Sun Damage - 20% Vitamin C Super..."
30,"Aunt Martha's 2-Pack Standard Size Pillowcases, White"
31,Authentic SSOCC Replacement Coil 0.5ohm 5pc/pack
32,BEST VITAMIN C Serum for Face - 2 fl. oz - 20% organic Vit C + E + Hyaluronic Acid - Professional Facial Skin Care Formula that helps Repair Sun Damage and Fade Age Spots -...
33,BISSELL 9595A Vacuum with OnePass
34,BLACK + DECKER CHV1410L 16 volt Lithium Cordless Dust Buster Hand Vac
35,"Bai Rainforest Variety Pack, 5 Calories, No Artificial Sweeteners, 1g Sugar, Antioxidant Infused Beverage"
36,Bayer Advantage II Flea Control Treatment for Cats
37,Beadaholique 100 Count Resealable Zipper Poly Bags 2 by 2-Inch 50mm by 50mm Clear
38,"Berwick Splendorette Crimped Curling Ribbon, 3/16-Inch Wide by 500-Yard Spool, White"
39,Bio-Oil 4.2oz: Multiuse Skincare Oil
40,"Biore Deep Cleansing Pore Strips, 24 Count"
41,"Black+Decker BDH2000PL MAX Lithium Pivot Vacuum, 20-volt"
42,"Boon Grass Countertop Drying Rack,Green"
43,Boon Pipes Water Pipes Bath Toy
44,"Brawny Pick-A-Size Paper Towels, 24 Giant Rolls"
45,Brica Seat Guardian Car Seat Protector
46,Brita 10 Cup Everyday BPA Free Water Pitcher with 1 Filter
47,"Burt's Bees Mama Bee Belly Butter, 6.5 Ounce Tub"
48,"Bushnell H2O Waterproof Compact Roof Prism Binocular, Black, 10 x 25-mm"
49,Bushnell Marine 7x50  Binocular
50,Bushnell Powerview 7-15X25 Compact Zoom Binocular
51,CURT 21510 Coated Hitch Pin and Clip
52,"Camco 22783 TastePURE Drinking Water Hose (5/8""ID x 25') - Lead Free"
53,"Camco 22853 Premium Drinking Water Hose (5/8""ID x 50') - Lead Free"
54,Camco 40055 Brass Water Pressure Regulator - Lead Free
55,"Camco 42805 60"" x 78"" Handy Mat with Strap"
56,Canon PowerShot ELPH 170 IS (Blue)
57,"Carlisle 36141503 Duo-Pan Dustpan & Lobby Broom Combo, 3 Foot Overall Height, Black"
58,Celestron 127EQ PowerSeeker Telescope
59,Celestron 71008 SkyMaster 25x70 Binoculars (Black)
60,Celestron 71404 TrailSeeker 8x42 Binoculars (Army Green)
61,"Coghlan's 8880 Airstop, 8 mL"
62,Coleman Oversized Quad Chair with Cooler
63,Comfort Zone Feliway Refills
64,Cravegreens Pest Control Ultrasonic Repellent -Electronic Plug -In Repeller for Insects
65,Crest 3D White Whitestrips Professional Effects - Teeth Whitening Kit 20 Treatments (Packaging May Vary)
66,"Culligan WHR-140 Replacement Shower Filter Cartridge for WSH-C125, HSH-C135, ISH-100 Shower Units"
67,Dell E2015HV 20-Inch Screen LED-Lit Monitor
68,Dell USB 3.0 Triple Display UltraHD Universal Dock (D3100)
69,Delta Children 4 Pocket Hanging Wall Organizer Beige
70,Designers Impressions Satin Nickel Spring Door Stop w/ Rubber Bumper: 1688 - 10 Pack
71,"Dragon Touch M8 2016 Edition 8 inch Quad Core Tablet, Android OS, 1GB 16GB, IPS Display, Bluetooth, GPS, HDMI"
72,Dream Drawer Organizer-Set of 2 White Spring-Loaded Drawer Dividers
73,"Dritz 222 5/8-Inch by 20-Yard Stitch Witchery, Regular"
74,"Duck Brand 299006 3/4-Inch by 60 Feet Utility Vinyl Electrical Tape with Single Roll, Black"
75,Dynarex 1113 Latex Free Sterile Alcohol Prep Pad (Box of 200)
76,"Dynarex Disposable Underpad, 17 inches X 24 inches, 100 Count"
77,"Dynarex SafeTouch Nitrile Exam Gloves, Non Latex, Powder-Free, Medium, Box/100"
78,"Elizavecca milkypiggy Hell-Pore Clean Up nose Mask, liquid type nose pack (100ml)"
79,"Enfagrow Next Step Natural Milk Powder Can, 24 Ounce (Pack of 4)"
80,Everydrop by Whirlpool Refrigerator Water Filter 4 EDR4RXD2 (Pack of 2)
81,Fancy Feast Wet Cat Food
82,"Fisher-Price Newborn Auto Rock 'n Play Sleeper, Aqua Stone Fashion"
83,Fisher-Price The Perfect Potty Ring
84,Fiskars 45mm Contour Rotary Cutter (195210-1001)
85,Fiskars Traditional Bypass Pruning Shears
86,"Fitbit One Wireless Activity Plus Sleep Tracker, Black"
87,Flowmaster 942443 40 Delta Flow Muffler - 2.25 Offset IN / 2.25 Offset OUT - Aggressive Sound
88,"Flowtron BK-15D Electronic Insect Killer, 1/2 Acre Coverage"
89,Fujifilm INSTAX Mini Instant Film (Rainbow)
90,GE RPWFE Refrigerator Water Filter
91,GOOACC 8mm 40 Pcs / Pack Nylon Bumper Retainer Fender Flare Mud Flaps Guard Fastener Rivet Clips For Honda 450r ltr450 Yfz450 Rubicon Rancher Foreman Polari ATV Trail Boss Predator Scrambler Sportsman Kawasaki Brute Force Bayou Prairie KFX700 KFX450 KFX400 Suzuki Eiger Ozark 450r Z250 Z400 Ltr450 Ds450 Yfz450 Outlaw Vinson KingQuad
92,GREENIES Original Dental Dog Treats
93,GREENIES Pill Pocket Soft Dog Treats
94,"Gateway Safety 4699 StarLite Gumballs Safety Glasses, Clear Lens, All Colors Included (Pack of 10)"
95,Gazillion 67.6 ounces Bubble Solution
96,Generic Magic Cleaning Eraser Sponge Melamine Foam High Quality 90 X 60 X 30mm (Pack Of 30)
97,"Georgia-Pacific Envision 19880/01 White 2-Ply Embossed Bathroom Tissue, 4.05"" Length x 4"" Width (Case of 80 Rolls)"
98,"Georgia-Pacific enMotion 894-60 800' Length x 10"" Width, White High Capacity Touchless Roll Towel (Roll of 6)"
99,Gerber Birdseye 3-Ply Prefold Cloth Diapers
100,"Gibraltar E1100B00 Standard Size Galvanized Steel Rural Mailbox, Black"
101,"Glad OdorShield Tall Kitchen Drawstring Trash Bags, Lavender, 13 Gallon, 80 Count"
102,"Graco Highback Turbobooster Car Seat, Go Green"
103,"Green Mountain Coffee Caramel Vanilla Cream, K-Cup Portion Count for Keurig K-Cup Brewers, 24-Count"
104,"HP 15-ay011nr 15.6"" Full-HD Laptop (6th Generation Core i5, 8GB RAM, 1TB HDD) with Windows 10"
105,Hakko 599B-02 Solder Tip Cleaning Wire and Holder
106,High Sierra Access Backpack
107,"Holmes Dual Blade Twin Window Fan, White"
108,Honeywell HT-908 Turbo Force Room Air Circulator Fan
109,"Huggies Snug and Dry Diapers, Size 2, Economy Plus Pack, 246 Count (One Month Supply)"
110,"Huggies Snug and Dry Diapers, Size 4, Economy Plus Pack, 192 Count"
111,Hydro Tools 8051 Promotional 4-Foot Telescopic Pool Skimmer
112,"IRWIN Tools VISE-GRIP Multi Tool Stripper, Cutter and Crimper, 8-Inch (2078309)"
113,"Instant Pot IP-DUO60 7-in-1 Multi-Functional Pressure Cooker, 6Qt/1000W"
114,"Inteplast Group THW1VAL 12.5 Mic Thickness, Thank You Bag (Case of 900)"
115,"International Leisure Giant Swan, 75 inches"
116,Intex Easy Set 10-Foot Round Pool Cover
117,"Intex Floating Recliner Inflatable Lounge, 71"" X 53"""
118,"Intex King Kool Inflatable Lounge, 63"" X 33.5"", (Colors May Vary), 1 Pack"
119,"Intex Pool Volleyball Game, 94"" X 25"" X 36"", for Ages 6+, Color may vary"
120,"Intex Swim Center Family Inflatable Pool, 103"" X 69"" X 22"", for Ages 6+"
121,"J5 Tactical V1-PRO Flashlight - The Original 300 Lumen Ultra Bright, LED Mini 3 Mode Flashlight"
122,K&N 99-5000 Aerosol Recharger Filter Care Service Kit
123,K&N KN-204 Motorcycle/Powersports High Performance Oil Filter
124,"KIND Bars, Peanut Butter Dark Chocolate + Protein, Gluten Free, 1.4 Ounce Bars, 12 Count"
125,"Kalencom Potette Plus Liners, 30 count"
126,"Keurig, The Original Donut Shop, Regular, Medium Extra Bold, K-Cup packs, 12-Count (Pack of 6)"
127,Kiinde Breast Milk Storage Twist Pouch (6 oz - Pack of 80)
128,"Kleenex 50606 Hard Roll Towels, 8 x 600ft, 1 3/4"" Core dia, White, 6 Rolls/Carton"
129,"Kwikset 96870-100 Belleview SmartKey Single Cylinder Handleset with Cove Knob, Venetian Bronze"
130,Lamaze Peek-A-Boo Forest Soft Book
131,"Land Lakes Mini Moos Creamer, Half and Half Cups, 192 Count"
132,"Leachco Snoogle Total Body Pillow, Ivory"
133,Lifetime 4428 Height Adjustable Folding Utility Table 48 by 24 Inches White Granite
134,Lisle 35260 Plastic Fastener Remover
135,Little Tikes Jump 'n Slide Bouncer
136,Little Tikes Spiralin' Seas Waterpark Play Table
137,Loctite Blue 242  Threadlocker 6-Milliliter Tube (209728)
138,Loctite Liquid Professional Super Glue  20-Gram Bottle (1365882)
139,"M-D Building Products 2311 High Density Foam Tape, 1/2-by-3/4-Inch by 10 feet, Gray"
140,MARBLE Hanayama Cast Metal Brain Teaser Puzzle (Level 4)
141,Magic Bullet NutriBullet 12-Piece High-Speed Blender/Mixer System
142,"Majestic Pure Lavender Essential Oil, Therapeutic Grade, 4 fl. Oz"
143,"Manitoba Harvest Hemp Hearts Raw Shelled Hemp Seeds, natural flavor, 1 Pound."
144,"MarlJohns Giant Rideable Swan Inflatable Float Toy 75"""
145,Master Lock 265DCCSEN Dual-Function Security Bar
146,"Master Lock 2866DATSC Swivel Head Receiver Lock, Chrome"
147,"Master Lock 5400D Select Access Key Storage Box with Set-Your-Own Combination Lock, 1-Pack"
148,"Masterbuilt 20070910 30-Inch Black Electric Digital Smoker, Top Controller"
149,Maytag UKF8001 Pur Compatible Refrigerator Water Filter by MORE Pure Filters - MPF15090
150,"Medela Contact Nipple Shield, Medium"
151,Meguiar's G1016 Smooth Surface Clay Kit
152,"Melissa & Doug On The Go Water Wow Bundle Animals, Alphabet and Numbers Paint"
153,Micro Cubebot Brain Teaser Puzzle Multi-Color
154,Midea WHS-65LB1 Compact Single Reversible Door Refrigerator and Freezer
155,Military Zoom 20-140x70mm Binoculars Matte Black
156,Milk-Bone MaroSnacks Dog Treats
157,Mothers Wheel Brush
158,"Munchkin Arm & Hammer Diaper Pail Snap, Seal and Toss Refill Bags, 600 Count, 20 Pack"
159,"Munchkin Miracle 360 Trainer Cup, Green/Blue, 7 Ounce, 2 Count"
160,"Munchkin Miracle 360 Trainer Cup, Pink/Orange, 7 Ounce, 2 Count"
161,"NETGEAR CM400 (8x4) Cable Modem DOCSIS 3.0 Certified for Comcast XFINITY, Time Warner Cable, Cox, Charter & more (CM400-1AZNAS)"
162,Netgear N300 Wi-Fi DOCSIS 3.0 Cable Modem Router (C3000)
163,Nfinity Backpack One Size Black
164,Nikon COOLPIX S33 Waterproof Digital Camera (Blue)
165,Nikon D3300 24.2 MP CMOS Digital SLR with Auto Focus-S DX NIKKOR 18-55mm f/3.5-5.6G VR II Zoom Lens (Black)
166,"Nite Ize Flashflight LED Light Up Flying Disc, Glow in the Dark for Night Games, 185g"
167,"Nizoral AntiDandruff Shampoo, 7-Ounce Bottles"
168,"Non-Sterile Graduated Plastic Medicine Cups, 100 Count"
169,Nutramax Cosequin DS PLUS MSM Chewable Tablets
170,OWI  14-in-1 Solar Robot
171,OXO Good Grips All-Purpose Squeegee
172,OXO Tot Silicone Tub Drain Stopper- Aqua
173,Olympus Tracker 10x25 Porro Prism Compact & Lightweight Binocular
174,"Optimum Nutrition 100% Whey Gold Standard, Double Rich Chocolate, 5 Pound, 80 Ounce"
175,"Oreck Commercial XL2100RHS 8 Pound Commercial Upright Vacuum, Blue"
176,"Orgain Organic Protein Plant-Based Powder, Vanilla Bean, 2.03 Pound"
177,"Pepperell Craft Making Assorted Pom Poms, Standard Colors, 750 Per Package"
178,"Perrier Sparkling Natural Mineral Water, 16.9-ounce plastic bottles (Pack of 24)"
179,"Philips Norelco Electric Shaver 2100, S1560/81"
180,Philips Norelco HQ8 Dual Precision Replacement Heads
181,Pioneer Auto Mounts Dispenser with 350 Photo Mounting Double Sided Self Adhesive Squares
182,"Plastic Beaker Set - 5 Sizes - 50, 100, 250, 500 and 1000ml"
183,Plasticolor 003700R01 Star Wars Accordion Sunshade
184,"Plews 55001 Lubrimatic Fluid Quart Pump, Fits Standard Quart Bottles"
185,"Plum Organics Second Blends Variety Pack, 4 Ounce (Pack of 18)"
186,"Polaris Explorer 12X50 High Powered Monocular - Bright and Clear Range of View - Single Hand Focus - Waterproof, Fogproof - For Bird Watching, or Wildlife - Tripod For Hands Free Viewing - Daytime Use"
187,Precious Cat Ultra Premium Clumping Cat Litter
188,"Prime-Line Products U 10304 Door Lock Extruded Chain, Satin Nickel"
189,"Purell 9674-06-ECDECO Advanced  Design Series Hand Sanitizer, 8 oz Bottles (Pack of 4)"
190,"Quilted Northern Ultra Plush Bath Tissue, 48 Double Rolls (8,448 Sheets)"
191,"Quilted Northern Ultra Plush, 24 Supreme (90 Regular) Rolls Toilet Paper"
192,Rain-X 600001 Windshield Repair Kit
193,Refrigerator Water Filter Fits Whirlpool W10295370A
194,"Regalo My Cot Portable Bed, Royal Blue"
195,"Regalo Swing Down Bedrail, White"
196,Remote-Controlled Dog Shock Collar Lifetime Replacement Guarantee - 1200 FT Range - 4 Modes (Shock Light Vibration & Beep) Safe For All Size Dogs (10Lbs - 100Lbs) - Rechargeable & Waterproof.
197,Repel 100 Insect Repellent 4 oz. Pump Spray Single Bottle
198,Replacement Tubing (1 Retail Pack of 2 tubes) for Medela Pump in Style and New Pump in Style Advanced Breast Pump - 100% BPA FREE
199,Roku Streaming Stick (3600R)
200,"Rubbermaid Commercial FG631200CLR Space-Saving Container, 12-Quart Capacity"
201,"Rubbermaid Commercial Oven Thermometer, Stainless Steel, FGTH0550"
202,Rubbermaid Easy Find Lids Food Storage Container 42-piece Set
203,SVP Aqua 5500 ( Blue ) 18 MP Dual Screen Waterproof Digital Camera
204,"Sabrent Premium 4 Port Silver Aluminum USB 3.0 Hub (30"" cable) for iMac, MacBook, MacBook Pro, MacBook Air, Mac Mini, or any PC [Silver] (HB-MAC3)"
205,SafeRest Hypoallergenic Waterproof Queen Size Vinyl Free Mattress Protector
206,Samsung 64GB EVO Class 10 Micro SDXC Card with Adapter up to 48/MB/s (MB-MP64DA/AM)
207,Samsung EP-TA20JWE/ECB-DU4EWE Adaptive Fast Charging Charger for Galaxy S6/Edge/Edge-6/Note 4 with Micro USB Charging Cable - White
208,"Samsung Galaxy Tab A 8-Inch Tablet (Wi-Fi)(16 GB, Smoky Titanium)"
209,Samsung OEM Original Standard Battery 3220mAh for Galaxy Note 4 - Non-Retail Packaging - Black/Silver (Discontinued by Manufacturer)
210,Samsung Official Genuine 2800mAh OEM Battery for Galaxy S5 without Warranty - Non-Retail Packaging - Black/Silver (Discontinued by Manufacturer)
211,Sassy Developmental Bumpy Ball
212,Sea Foam SF-16 Motor Treatment - 16 oz.
213,Set of 2 Bobbin Box Organizers
214,Seville Classics Bamboo Drawer Organizer Boxes
215,Shibari Intimate Lubricant - Water Based 8oz Bottle
216,Silhouette Temporary Tattoo Paper
217,"Simple Green 13421 Pro HD Heavy Duty Cleaner, 1 Gallon Bottle"
218,"Simple Wishes Hands-Free Breastpump Bra, Pink, X-Small-Large"
219,"Singer 10-Pack Regular Point Machine Needles Assorted, 4 Size 80/11, 4 Size 90/14 and 2 Size 100/16"
220,"Singo 60w Laptop Computer Ac Power Supply Chargers and Adapters ""L"" Tip for Apple Macbook Pro 13-inch"
221,"SmartyPants Kids Complete Gummy Vitamins: Multivitamin, Vitamin D3, B12 (Methylcobalamin), AND Omega 3 DHA / EPA Fish Oil, 120 count"
222,Sony DVPSR510H DVD Player (Upscaling)
223,Sony MDRZ7 Hi-Res Stereo Headphones
224,Stanley 94-248 65-Piece Homeowner's Tool Kit
225,"Streamlight 85177 CR123A Lithium Batteries, 12-Pack"
226,"Summer Infant Complete Nursery Care Kit, Teal/White"
227,Suncast GHW1732 Resin Wicker Trash Hideaway
228,"Super Lube 21030 Synthetic Grease (NLGI 2), 3 oz Tube"
229,SwissGear SA1908 Black TSA Friendly ScanSmart Laptop Computer Backpack - Fits Most 17 Inch Laptops and Tablets
230,Taste of the Wild Dry Dog Food
231,The North Face Unisex Borealis Backpack
232,Tile (Gen 2) - Phone Finder. Key Finder. Item Finder - 1 Pack
233,"Tile TLE-02001 Gen 2 Bluetooth Tracker and Easy-to-use App for Tracking Phone, Key and Other Items"
234,"Tombow Mono Permanent Adhesive Refills, 3 Pack (62207)"
235,"Toshiba Chromebook 2 - 2015 Edition (CB35-C3300) Full HD, Backlit Keyboard"
236,Totally Bamboo Large Expandable Cutlery Tray & Drawer Organizer 8 Compartments 2 with Adjustable Dimensions Beautiful and Durable Bamboo
237,Under Armour Storm Big Logo IV Backpack
238,"ViewSonic VX2452MH 24-Inch LED-Lit LCD Monitor, Full HD 1080p, 2ms, 50M:1 DCR, Game Mode, HDMI/DVI/VGA, VESA"
239,Vortex Optics Diamondback 8x42 Roof Prism Binocular
240,"WORX WA0010 Replacement 10-Foot Grass Trimmer/Edger Spool Line 6-Pack for WG150, WG151, WG152, WG155, WG165, WG166, WG160, WG167, WG175"
241,Walex TOI-91799 Deodorizer
242,"Wall Saver for Pressure Gates, 2 Pack"
243,"Water Sports Inc 861790 Swim Thru Rings, 3 Pack"
244,Weber Grill Cleaner Spray - Professional Strength Degreaser - Non Toxic 16 oz Cleanser
245,"Wunderbrow Eyebrow Make Up, Brunette"
246,"XL Watercolor Pad, 9""X12"" Fold Over"
247,Zymox Otic Pet Ear Treatment with Hydrocortisone
248,"iPhone 6S Screen Protector, Maxboost Tempered Glass Screen Protector For iPhone 6 6S [3D Touch Compatible] 0.2mm Screen Protection Case Fit 99% Touch Accurate[Lifetime Warranty]- Clear"
249,myBaby SoundSpa Portable
